BPR 比較手法 近,BPR 提案手法 近
2.945439577102661,5.779517650604248
